user_id,domain,duration_seconds,event_type,scroll_speed,source,timestamp
880d6cfd-4a91-4406-a732-a313fa603150,docs.google.com,2743,tab_active,43.1,extension,2026-04-24T17:43:00+00:00
880d6cfd-4a91-4406-a732-a313fa603150,classroom.google.com,4078,tab_active,43.2,extension,2026-04-24T17:27:00+00:00
880d6cfd-4a91-4406-a732-a313fa603150,github.com,3759,tab_active,68.9,extension,2026-04-24T16:52:00+00:00
880d6cfd-4a91-4406-a732-a313fa603150,notion.so,1247,tab_active,75.1,extension,2026-04-24T18:05:00+00:00
880d6cfd-4a91-4406-a732-a313fa603150,facebook.com,1737,tab_active,696.8,extension,2026-04-24T23:50:00+00:00
880d6cfd-4a91-4406-a732-a313fa603150,reddit.com,447,tab_active,455.6,extension,2026-04-24T23:13:00+00:00
880d6cfd-4a91-4406-a732-a313fa603150,reddit.com,479,tab_active,1244.0,extension,2026-04-24T16:10:00+00:00
880d6cfd-4a91-4406-a732-a313fa603150,facebook.com,3043,tab_active,1050.9,extension,2026-04-24T21:18:00+00:00
880d6cfd-4a91-4406-a732-a313fa603150,snapchat.com,2312,tab_active,499.0,extension,2026-04-24T00:49:00+00:00
880d6cfd-4a91-4406-a732-a313fa603150,netflix.com,6134,tab_active,36.8,extension,2026-04-24T20:19:00+00:00
880d6cfd-4a91-4406-a732-a313fa603150,stackoverflow.com,3444,tab_active,65.6,extension,2026-04-25T17:35:00+00:00
880d6cfd-4a91-4406-a732-a313fa603150,github.com,3926,tab_active,25.0,extension,2026-04-25T12:59:00+00:00
880d6cfd-4a91-4406-a732-a313fa603150,classroom.google.com,5376,tab_active,25.2,extension,2026-04-25T14:25:00+00:00
880d6cfd-4a91-4406-a732-a313fa603150,snapchat.com,3062,tab_active,793.7,extension,2026-04-25T13:30:00+00:00
880d6cfd-4a91-4406-a732-a313fa603150,instagram.com,837,tab_active,412.3,extension,2026-04-25T18:05:00+00:00
880d6cfd-4a91-4406-a732-a313fa603150,youtube.com,3413,tab_active,36.1,extension,2026-04-25T23:22:00+00:00
880d6cfd-4a91-4406-a732-a313fa603150,notion.so,1286,tab_active,58.2,extension,2026-04-26T14:13:00+00:00
880d6cfd-4a91-4406-a732-a313fa603150,tiktok.com,2177,tab_active,623.0,extension,2026-04-26T22:56:00+00:00
880d6cfd-4a91-4406-a732-a313fa603150,instagram.com,2539,tab_active,997.8,extension,2026-04-26T19:52:00+00:00
880d6cfd-4a91-4406-a732-a313fa603150,tiktok.com,2778,tab_active,512.4,extension,2026-04-26T23:49:00+00:00
880d6cfd-4a91-4406-a732-a313fa603150,reddit.com,564,tab_active,708.2,extension,2026-04-26T23:15:00+00:00
880d6cfd-4a91-4406-a732-a313fa603150,tiktok.com,2528,tab_active,489.5,extension,2026-04-26T12:50:00+00:00
880d6cfd-4a91-4406-a732-a313fa603150,youtube.com,5600,tab_active,92.1,extension,2026-04-26T20:37:00+00:00
880d6cfd-4a91-4406-a732-a313fa603150,github.com,2830,tab_active,30.9,extension,2026-04-27T11:14:00+00:00
880d6cfd-4a91-4406-a732-a313fa603150,notion.so,3163,tab_active,32.5,extension,2026-04-27T09:20:00+00:00
880d6cfd-4a91-4406-a732-a313fa603150,twitter.com,1963,tab_active,717.8,extension,2026-04-27T23:30:00+00:00
880d6cfd-4a91-4406-a732-a313fa603150,tiktok.com,2765,tab_active,980.1,extension,2026-04-27T13:40:00+00:00
880d6cfd-4a91-4406-a732-a313fa603150,docs.google.com,1512,tab_active,77.3,extension,2026-04-28T15:00:00+00:00
880d6cfd-4a91-4406-a732-a313fa603150,notion.so,1208,tab_active,31.5,extension,2026-04-28T13:31:00+00:00
880d6cfd-4a91-4406-a732-a313fa603150,docs.google.com,5100,tab_active,59.1,extension,2026-04-28T09:41:00+00:00
880d6cfd-4a91-4406-a732-a313fa603150,reddit.com,1075,tab_active,1180.7,extension,2026-04-28T00:41:00+00:00
880d6cfd-4a91-4406-a732-a313fa603150,snapchat.com,1162,tab_active,894.3,extension,2026-04-28T22:13:00+00:00
880d6cfd-4a91-4406-a732-a313fa603150,twitter.com,745,tab_active,785.1,extension,2026-04-28T23:42:00+00:00
880d6cfd-4a91-4406-a732-a313fa603150,figma.com,2054,tab_active,62.0,extension,2026-04-29T15:42:00+00:00
880d6cfd-4a91-4406-a732-a313fa603150,github.com,4882,tab_active,39.3,extension,2026-04-29T09:28:00+00:00
880d6cfd-4a91-4406-a732-a313fa603150,notion.so,4809,tab_active,40.6,extension,2026-04-29T17:46:00+00:00
880d6cfd-4a91-4406-a732-a313fa603150,snapchat.com,3107,tab_active,474.2,extension,2026-04-29T12:37:00+00:00
880d6cfd-4a91-4406-a732-a313fa603150,instagram.com,2364,tab_active,936.0,extension,2026-04-29T13:28:00+00:00
880d6cfd-4a91-4406-a732-a313fa603150,facebook.com,3352,tab_active,1241.1,extension,2026-04-29T22:00:00+00:00
880d6cfd-4a91-4406-a732-a313fa603150,spotify.com,2066,tab_active,61.7,extension,2026-04-29T22:29:00+00:00
880d6cfd-4a91-4406-a732-a313fa603150,notion.so,1813,tab_active,74.7,extension,2026-04-30T12:16:00+00:00
880d6cfd-4a91-4406-a732-a313fa603150,linear.app,3229,tab_active,53.5,extension,2026-04-30T09:14:00+00:00
880d6cfd-4a91-4406-a732-a313fa603150,docs.google.com,5131,tab_active,64.2,extension,2026-04-30T18:28:00+00:00
880d6cfd-4a91-4406-a732-a313fa603150,classroom.google.com,4015,tab_active,19.5,extension,2026-04-30T14:33:00+00:00
880d6cfd-4a91-4406-a732-a313fa603150,stackoverflow.com,2341,tab_active,31.4,extension,2026-04-30T12:33:00+00:00
880d6cfd-4a91-4406-a732-a313fa603150,reddit.com,2749,tab_active,921.3,extension,2026-04-30T13:33:00+00:00
880d6cfd-4a91-4406-a732-a313fa603150,snapchat.com,373,tab_active,1095.1,extension,2026-04-30T12:16:00+00:00
880d6cfd-4a91-4406-a732-a313fa603150,snapchat.com,1366,tab_active,635.2,extension,2026-04-30T13:28:00+00:00
880d6cfd-4a91-4406-a732-a313fa603150,instagram.com,1079,tab_active,1181.7,extension,2026-04-30T21:05:00+00:00
880d6cfd-4a91-4406-a732-a313fa603150,spotify.com,4879,tab_active,37.3,extension,2026-04-30T23:16:00+00:00
880d6cfd-4a91-4406-a732-a313fa603150,github.com,4627,tab_active,58.2,extension,2026-05-01T14:28:00+00:00
880d6cfd-4a91-4406-a732-a313fa603150,figma.com,3111,tab_active,12.3,extension,2026-05-01T11:15:00+00:00
880d6cfd-4a91-4406-a732-a313fa603150,linear.app,1405,tab_active,39.1,extension,2026-05-01T18:03:00+00:00
880d6cfd-4a91-4406-a732-a313fa603150,reddit.com,2922,tab_active,1219.7,extension,2026-05-01T13:49:00+00:00
880d6cfd-4a91-4406-a732-a313fa603150,twitter.com,2501,tab_active,1219.3,extension,2026-05-01T17:04:00+00:00
880d6cfd-4a91-4406-a732-a313fa603150,tiktok.com,1149,tab_active,562.2,extension,2026-05-01T22:43:00+00:00
880d6cfd-4a91-4406-a732-a313fa603150,reddit.com,2174,tab_active,547.2,extension,2026-05-01T17:38:00+00:00
880d6cfd-4a91-4406-a732-a313fa603150,instagram.com,2352,tab_active,1288.5,extension,2026-05-01T00:50:00+00:00
880d6cfd-4a91-4406-a732-a313fa603150,twitch.tv,7123,tab_active,49.0,extension,2026-05-01T19:38:00+00:00
880d6cfd-4a91-4406-a732-a313fa603150,github.com,4275,tab_active,59.6,extension,2026-05-02T18:29:00+00:00
880d6cfd-4a91-4406-a732-a313fa603150,github.com,3826,tab_active,33.4,extension,2026-05-02T13:16:00+00:00
880d6cfd-4a91-4406-a732-a313fa603150,instagram.com,449,tab_active,1142.4,extension,2026-05-02T14:05:00+00:00
880d6cfd-4a91-4406-a732-a313fa603150,reddit.com,2823,tab_active,533.4,extension,2026-05-02T22:37:00+00:00
880d6cfd-4a91-4406-a732-a313fa603150,instagram.com,494,tab_active,1011.6,extension,2026-05-02T19:01:00+00:00
880d6cfd-4a91-4406-a732-a313fa603150,twitch.tv,6673,tab_active,64.2,extension,2026-05-02T22:42:00+00:00
880d6cfd-4a91-4406-a732-a313fa603150,figma.com,1923,tab_active,30.3,extension,2026-05-03T15:17:00+00:00
880d6cfd-4a91-4406-a732-a313fa603150,figma.com,3898,tab_active,28.0,extension,2026-05-03T11:52:00+00:00
880d6cfd-4a91-4406-a732-a313fa603150,classroom.google.com,1910,tab_active,14.6,extension,2026-05-03T17:47:00+00:00
880d6cfd-4a91-4406-a732-a313fa603150,reddit.com,876,tab_active,927.5,extension,2026-05-03T22:12:00+00:00
880d6cfd-4a91-4406-a732-a313fa603150,facebook.com,417,tab_active,1111.6,extension,2026-05-03T22:02:00+00:00
880d6cfd-4a91-4406-a732-a313fa603150,reddit.com,3450,tab_active,1022.5,extension,2026-05-03T12:05:00+00:00
880d6cfd-4a91-4406-a732-a313fa603150,snapchat.com,609,tab_active,991.3,extension,2026-05-03T15:12:00+00:00
880d6cfd-4a91-4406-a732-a313fa603150,netflix.com,5986,tab_active,20.5,extension,2026-05-03T19:54:00+00:00
880d6cfd-4a91-4406-a732-a313fa603150,stackoverflow.com,5157,tab_active,40.1,extension,2026-05-04T13:13:00+00:00
880d6cfd-4a91-4406-a732-a313fa603150,stackoverflow.com,2765,tab_active,13.2,extension,2026-05-04T13:58:00+00:00
880d6cfd-4a91-4406-a732-a313fa603150,tiktok.com,1568,tab_active,1382.5,extension,2026-05-04T23:50:00+00:00
880d6cfd-4a91-4406-a732-a313fa603150,snapchat.com,2429,tab_active,613.2,extension,2026-05-04T22:27:00+00:00
880d6cfd-4a91-4406-a732-a313fa603150,reddit.com,3008,tab_active,416.7,extension,2026-05-04T13:48:00+00:00
880d6cfd-4a91-4406-a732-a313fa603150,snapchat.com,3381,tab_active,751.4,extension,2026-05-04T00:06:00+00:00
880d6cfd-4a91-4406-a732-a313fa603150,stackoverflow.com,4242,tab_active,49.3,extension,2026-05-05T10:51:00+00:00
880d6cfd-4a91-4406-a732-a313fa603150,github.com,2384,tab_active,46.0,extension,2026-05-05T16:04:00+00:00
880d6cfd-4a91-4406-a732-a313fa603150,instagram.com,353,tab_active,1341.3,extension,2026-05-05T21:57:00+00:00
880d6cfd-4a91-4406-a732-a313fa603150,snapchat.com,2844,tab_active,1348.3,extension,2026-05-05T21:41:00+00:00
880d6cfd-4a91-4406-a732-a313fa603150,reddit.com,833,tab_active,1084.5,extension,2026-05-05T22:50:00+00:00
880d6cfd-4a91-4406-a732-a313fa603150,reddit.com,846,tab_active,925.8,extension,2026-05-05T00:38:00+00:00
880d6cfd-4a91-4406-a732-a313fa603150,facebook.com,2986,tab_active,853.9,extension,2026-05-05T23:46:00+00:00
880d6cfd-4a91-4406-a732-a313fa603150,figma.com,1438,tab_active,42.9,extension,2026-05-06T17:58:00+00:00
880d6cfd-4a91-4406-a732-a313fa603150,linear.app,3042,tab_active,30.7,extension,2026-05-06T13:16:00+00:00
880d6cfd-4a91-4406-a732-a313fa603150,stackoverflow.com,3628,tab_active,60.7,extension,2026-05-06T12:55:00+00:00
880d6cfd-4a91-4406-a732-a313fa603150,classroom.google.com,935,tab_active,34.4,extension,2026-05-06T14:50:00+00:00
880d6cfd-4a91-4406-a732-a313fa603150,classroom.google.com,1117,tab_active,31.7,extension,2026-05-06T15:16:00+00:00
880d6cfd-4a91-4406-a732-a313fa603150,instagram.com,549,tab_active,1131.1,extension,2026-05-06T23:01:00+00:00
880d6cfd-4a91-4406-a732-a313fa603150,facebook.com,3589,tab_active,1126.8,extension,2026-05-06T00:50:00+00:00
880d6cfd-4a91-4406-a732-a313fa603150,twitter.com,1927,tab_active,998.1,extension,2026-05-06T00:20:00+00:00
880d6cfd-4a91-4406-a732-a313fa603150,netflix.com,3932,tab_active,22.8,extension,2026-05-06T20:41:00+00:00
880d6cfd-4a91-4406-a732-a313fa603150,notion.so,2999,tab_active,45.7,extension,2026-05-07T09:53:00+00:00
880d6cfd-4a91-4406-a732-a313fa603150,linear.app,4312,tab_active,41.4,extension,2026-05-07T09:41:00+00:00
880d6cfd-4a91-4406-a732-a313fa603150,docs.google.com,2303,tab_active,50.1,extension,2026-05-07T09:35:00+00:00
880d6cfd-4a91-4406-a732-a313fa603150,github.com,5339,tab_active,26.6,extension,2026-05-07T15:07:00+00:00
880d6cfd-4a91-4406-a732-a313fa603150,classroom.google.com,2165,tab_active,12.6,extension,2026-05-07T12:51:00+00:00
880d6cfd-4a91-4406-a732-a313fa603150,twitter.com,1121,tab_active,1356.2,extension,2026-05-07T21:49:00+00:00
880d6cfd-4a91-4406-a732-a313fa603150,snapchat.com,2237,tab_active,506.6,extension,2026-05-07T17:29:00+00:00
880d6cfd-4a91-4406-a732-a313fa603150,reddit.com,3584,tab_active,1022.3,extension,2026-05-07T00:44:00+00:00
880d6cfd-4a91-4406-a732-a313fa603150,instagram.com,3303,tab_active,521.6,extension,2026-05-07T16:51:00+00:00
880d6cfd-4a91-4406-a732-a313fa603150,instagram.com,3331,tab_active,1238.8,extension,2026-05-07T00:26:00+00:00
880d6cfd-4a91-4406-a732-a313fa603150,youtube.com,6387,tab_active,37.8,extension,2026-05-07T19:44:00+00:00
880d6cfd-4a91-4406-a732-a313fa603150,figma.com,3474,tab_active,63.7,extension,2026-05-08T12:24:00+00:00
880d6cfd-4a91-4406-a732-a313fa603150,notion.so,4608,tab_active,34.4,extension,2026-05-08T15:35:00+00:00
880d6cfd-4a91-4406-a732-a313fa603150,classroom.google.com,2936,tab_active,60.5,extension,2026-05-08T09:21:00+00:00
880d6cfd-4a91-4406-a732-a313fa603150,twitter.com,2745,tab_active,580.0,extension,2026-05-08T00:52:00+00:00
880d6cfd-4a91-4406-a732-a313fa603150,reddit.com,1008,tab_active,779.6,extension,2026-05-08T14:34:00+00:00
880d6cfd-4a91-4406-a732-a313fa603150,twitter.com,1615,tab_active,1398.4,extension,2026-05-08T21:08:00+00:00
880d6cfd-4a91-4406-a732-a313fa603150,twitch.tv,2784,tab_active,70.2,extension,2026-05-08T20:28:00+00:00
880d6cfd-4a91-4406-a732-a313fa603150,github.com,1607,tab_active,17.3,extension,2026-05-09T16:11:00+00:00
880d6cfd-4a91-4406-a732-a313fa603150,docs.google.com,1518,tab_active,19.9,extension,2026-05-09T15:49:00+00:00
880d6cfd-4a91-4406-a732-a313fa603150,twitter.com,2161,tab_active,869.9,extension,2026-05-09T22:52:00+00:00
880d6cfd-4a91-4406-a732-a313fa603150,twitter.com,981,tab_active,685.6,extension,2026-05-09T22:35:00+00:00
880d6cfd-4a91-4406-a732-a313fa603150,tiktok.com,2806,tab_active,454.1,extension,2026-05-09T20:52:00+00:00
880d6cfd-4a91-4406-a732-a313fa603150,reddit.com,659,tab_active,811.1,extension,2026-05-09T23:58:00+00:00
880d6cfd-4a91-4406-a732-a313fa603150,facebook.com,1494,tab_active,993.1,extension,2026-05-09T00:02:00+00:00
880d6cfd-4a91-4406-a732-a313fa603150,stackoverflow.com,3994,tab_active,11.1,extension,2026-05-10T13:14:00+00:00
880d6cfd-4a91-4406-a732-a313fa603150,stackoverflow.com,3365,tab_active,38.8,extension,2026-05-10T18:28:00+00:00
880d6cfd-4a91-4406-a732-a313fa603150,twitter.com,1353,tab_active,1324.8,extension,2026-05-10T15:14:00+00:00
880d6cfd-4a91-4406-a732-a313fa603150,facebook.com,2525,tab_active,1137.9,extension,2026-05-10T17:21:00+00:00
880d6cfd-4a91-4406-a732-a313fa603150,reddit.com,3077,tab_active,1018.3,extension,2026-05-10T20:59:00+00:00
880d6cfd-4a91-4406-a732-a313fa603150,spotify.com,1967,tab_active,53.1,extension,2026-05-10T23:12:00+00:00
880d6cfd-4a91-4406-a732-a313fa603150,notion.so,2699,tab_active,11.6,extension,2026-05-11T13:52:00+00:00
880d6cfd-4a91-4406-a732-a313fa603150,figma.com,2333,tab_active,68.3,extension,2026-05-11T13:16:00+00:00
880d6cfd-4a91-4406-a732-a313fa603150,snapchat.com,2202,tab_active,857.5,extension,2026-05-11T21:00:00+00:00
880d6cfd-4a91-4406-a732-a313fa603150,twitter.com,542,tab_active,997.3,extension,2026-05-11T22:10:00+00:00
880d6cfd-4a91-4406-a732-a313fa603150,netflix.com,5342,tab_active,66.3,extension,2026-05-11T19:54:00+00:00
880d6cfd-4a91-4406-a732-a313fa603150,linear.app,3946,tab_active,51.3,extension,2026-05-12T13:22:00+00:00
880d6cfd-4a91-4406-a732-a313fa603150,docs.google.com,1440,tab_active,59.2,extension,2026-05-12T12:25:00+00:00
880d6cfd-4a91-4406-a732-a313fa603150,github.com,5047,tab_active,41.3,extension,2026-05-12T12:51:00+00:00
880d6cfd-4a91-4406-a732-a313fa603150,github.com,3829,tab_active,20.6,extension,2026-05-12T13:40:00+00:00
880d6cfd-4a91-4406-a732-a313fa603150,docs.google.com,4851,tab_active,75.4,extension,2026-05-12T17:16:00+00:00
880d6cfd-4a91-4406-a732-a313fa603150,tiktok.com,2247,tab_active,587.4,extension,2026-05-12T22:07:00+00:00
880d6cfd-4a91-4406-a732-a313fa603150,tiktok.com,301,tab_active,576.6,extension,2026-05-12T23:36:00+00:00
880d6cfd-4a91-4406-a732-a313fa603150,tiktok.com,708,tab_active,1100.6,extension,2026-05-12T14:54:00+00:00
880d6cfd-4a91-4406-a732-a313fa603150,reddit.com,1617,tab_active,798.7,extension,2026-05-12T23:19:00+00:00
880d6cfd-4a91-4406-a732-a313fa603150,docs.google.com,1429,tab_active,60.7,extension,2026-05-13T17:08:00+00:00
880d6cfd-4a91-4406-a732-a313fa603150,github.com,5017,tab_active,65.5,extension,2026-05-13T17:59:00+00:00
880d6cfd-4a91-4406-a732-a313fa603150,notion.so,4612,tab_active,56.1,extension,2026-05-13T14:53:00+00:00
880d6cfd-4a91-4406-a732-a313fa603150,facebook.com,1380,tab_active,1022.1,extension,2026-05-13T00:12:00+00:00
880d6cfd-4a91-4406-a732-a313fa603150,reddit.com,565,tab_active,661.2,extension,2026-05-13T23:29:00+00:00
880d6cfd-4a91-4406-a732-a313fa603150,youtube.com,2496,tab_active,73.1,extension,2026-05-13T22:53:00+00:00
880d6cfd-4a91-4406-a732-a313fa603150,figma.com,2840,tab_active,41.2,extension,2026-05-14T11:51:00+00:00
880d6cfd-4a91-4406-a732-a313fa603150,notion.so,4712,tab_active,59.1,extension,2026-05-14T17:08:00+00:00
880d6cfd-4a91-4406-a732-a313fa603150,stackoverflow.com,1808,tab_active,51.2,extension,2026-05-14T13:06:00+00:00
880d6cfd-4a91-4406-a732-a313fa603150,docs.google.com,4039,tab_active,19.5,extension,2026-05-14T15:11:00+00:00
880d6cfd-4a91-4406-a732-a313fa603150,snapchat.com,2028,tab_active,620.8,extension,2026-05-14T23:06:00+00:00
880d6cfd-4a91-4406-a732-a313fa603150,tiktok.com,2664,tab_active,1336.2,extension,2026-05-14T16:43:00+00:00
880d6cfd-4a91-4406-a732-a313fa603150,twitter.com,930,tab_active,1106.5,extension,2026-05-14T20:25:00+00:00
880d6cfd-4a91-4406-a732-a313fa603150,netflix.com,3124,tab_active,95.7,extension,2026-05-14T21:24:00+00:00
880d6cfd-4a91-4406-a732-a313fa603150,docs.google.com,3163,tab_active,64.5,extension,2026-05-15T10:02:00+00:00
880d6cfd-4a91-4406-a732-a313fa603150,docs.google.com,1656,tab_active,21.6,extension,2026-05-15T13:30:00+00:00
880d6cfd-4a91-4406-a732-a313fa603150,reddit.com,2529,tab_active,724.9,extension,2026-05-15T00:06:00+00:00
880d6cfd-4a91-4406-a732-a313fa603150,reddit.com,701,tab_active,949.5,extension,2026-05-15T22:21:00+00:00
880d6cfd-4a91-4406-a732-a313fa603150,snapchat.com,1562,tab_active,583.4,extension,2026-05-15T23:13:00+00:00
880d6cfd-4a91-4406-a732-a313fa603150,youtube.com,6035,tab_active,89.9,extension,2026-05-15T20:18:00+00:00
880d6cfd-4a91-4406-a732-a313fa603150,figma.com,4411,tab_active,35.8,extension,2026-05-16T13:52:00+00:00
880d6cfd-4a91-4406-a732-a313fa603150,figma.com,1854,tab_active,47.9,extension,2026-05-16T15:56:00+00:00
880d6cfd-4a91-4406-a732-a313fa603150,instagram.com,1101,tab_active,800.4,extension,2026-05-16T23:46:00+00:00
880d6cfd-4a91-4406-a732-a313fa603150,reddit.com,2753,tab_active,557.3,extension,2026-05-16T23:51:00+00:00
880d6cfd-4a91-4406-a732-a313fa603150,spotify.com,1850,tab_active,32.3,extension,2026-05-16T19:14:00+00:00
880d6cfd-4a91-4406-a732-a313fa603150,figma.com,1405,tab_active,44.0,extension,2026-05-17T10:37:00+00:00
880d6cfd-4a91-4406-a732-a313fa603150,github.com,5037,tab_active,24.4,extension,2026-05-17T12:48:00+00:00
880d6cfd-4a91-4406-a732-a313fa603150,notion.so,1377,tab_active,50.3,extension,2026-05-17T09:03:00+00:00
880d6cfd-4a91-4406-a732-a313fa603150,snapchat.com,3502,tab_active,1142.6,extension,2026-05-17T00:36:00+00:00
880d6cfd-4a91-4406-a732-a313fa603150,twitter.com,3080,tab_active,691.5,extension,2026-05-17T16:16:00+00:00
880d6cfd-4a91-4406-a732-a313fa603150,tiktok.com,603,tab_active,660.3,extension,2026-05-17T21:52:00+00:00
880d6cfd-4a91-4406-a732-a313fa603150,snapchat.com,3266,tab_active,935.1,extension,2026-05-17T21:19:00+00:00
880d6cfd-4a91-4406-a732-a313fa603150,reddit.com,3334,tab_active,997.1,extension,2026-05-17T22:18:00+00:00
880d6cfd-4a91-4406-a732-a313fa603150,classroom.google.com,3123,tab_active,19.2,extension,2026-05-18T15:46:00+00:00
880d6cfd-4a91-4406-a732-a313fa603150,classroom.google.com,4643,tab_active,42.9,extension,2026-05-18T17:32:00+00:00
880d6cfd-4a91-4406-a732-a313fa603150,classroom.google.com,2376,tab_active,55.9,extension,2026-05-18T16:14:00+00:00
880d6cfd-4a91-4406-a732-a313fa603150,github.com,3906,tab_active,31.4,extension,2026-05-18T13:18:00+00:00
880d6cfd-4a91-4406-a732-a313fa603150,figma.com,1927,tab_active,77.9,extension,2026-05-18T12:04:00+00:00
880d6cfd-4a91-4406-a732-a313fa603150,twitter.com,1942,tab_active,930.6,extension,2026-05-18T22:38:00+00:00
880d6cfd-4a91-4406-a732-a313fa603150,instagram.com,1905,tab_active,518.1,extension,2026-05-18T22:30:00+00:00
880d6cfd-4a91-4406-a732-a313fa603150,reddit.com,633,tab_active,480.6,extension,2026-05-18T00:02:00+00:00
880d6cfd-4a91-4406-a732-a313fa603150,snapchat.com,1876,tab_active,1325.6,extension,2026-05-18T19:14:00+00:00
880d6cfd-4a91-4406-a732-a313fa603150,tiktok.com,3585,tab_active,1279.0,extension,2026-05-18T00:45:00+00:00
880d6cfd-4a91-4406-a732-a313fa603150,netflix.com,5951,tab_active,73.3,extension,2026-05-18T23:18:00+00:00
880d6cfd-4a91-4406-a732-a313fa603150,notion.so,4868,tab_active,27.4,extension,2026-05-19T18:05:00+00:00
880d6cfd-4a91-4406-a732-a313fa603150,figma.com,4563,tab_active,44.7,extension,2026-05-19T16:30:00+00:00
880d6cfd-4a91-4406-a732-a313fa603150,figma.com,5239,tab_active,40.2,extension,2026-05-19T14:02:00+00:00
880d6cfd-4a91-4406-a732-a313fa603150,stackoverflow.com,3848,tab_active,45.8,extension,2026-05-19T16:51:00+00:00
880d6cfd-4a91-4406-a732-a313fa603150,github.com,1714,tab_active,72.9,extension,2026-05-19T13:29:00+00:00
880d6cfd-4a91-4406-a732-a313fa603150,reddit.com,2536,tab_active,737.7,extension,2026-05-19T23:25:00+00:00
880d6cfd-4a91-4406-a732-a313fa603150,tiktok.com,581,tab_active,1257.1,extension,2026-05-19T22:00:00+00:00
880d6cfd-4a91-4406-a732-a313fa603150,youtube.com,5959,tab_active,38.5,extension,2026-05-19T22:16:00+00:00
880d6cfd-4a91-4406-a732-a313fa603150,figma.com,3067,tab_active,54.6,extension,2026-05-20T16:44:00+00:00
880d6cfd-4a91-4406-a732-a313fa603150,figma.com,1900,tab_active,18.4,extension,2026-05-20T13:48:00+00:00
880d6cfd-4a91-4406-a732-a313fa603150,github.com,5004,tab_active,52.0,extension,2026-05-20T12:21:00+00:00
880d6cfd-4a91-4406-a732-a313fa603150,instagram.com,2769,tab_active,933.2,extension,2026-05-20T00:41:00+00:00
880d6cfd-4a91-4406-a732-a313fa603150,reddit.com,468,tab_active,1387.4,extension,2026-05-20T21:53:00+00:00
880d6cfd-4a91-4406-a732-a313fa603150,youtube.com,5948,tab_active,77.5,extension,2026-05-20T23:01:00+00:00
880d6cfd-4a91-4406-a732-a313fa603150,stackoverflow.com,1895,tab_active,65.9,extension,2026-05-21T18:06:00+00:00
880d6cfd-4a91-4406-a732-a313fa603150,docs.google.com,4755,tab_active,39.8,extension,2026-05-21T17:27:00+00:00
880d6cfd-4a91-4406-a732-a313fa603150,classroom.google.com,3312,tab_active,20.2,extension,2026-05-21T14:59:00+00:00
880d6cfd-4a91-4406-a732-a313fa603150,facebook.com,2910,tab_active,760.8,extension,2026-05-21T22:23:00+00:00
880d6cfd-4a91-4406-a732-a313fa603150,twitter.com,2514,tab_active,1214.5,extension,2026-05-21T13:40:00+00:00
880d6cfd-4a91-4406-a732-a313fa603150,twitch.tv,3078,tab_active,67.3,extension,2026-05-21T20:58:00+00:00
880d6cfd-4a91-4406-a732-a313fa603150,notion.so,2873,tab_active,14.2,extension,2026-05-22T10:46:00+00:00
880d6cfd-4a91-4406-a732-a313fa603150,github.com,4850,tab_active,51.7,extension,2026-05-22T09:26:00+00:00
880d6cfd-4a91-4406-a732-a313fa603150,notion.so,1595,tab_active,17.8,extension,2026-05-22T18:46:00+00:00
880d6cfd-4a91-4406-a732-a313fa603150,docs.google.com,2243,tab_active,72.4,extension,2026-05-22T10:39:00+00:00
880d6cfd-4a91-4406-a732-a313fa603150,reddit.com,2476,tab_active,774.0,extension,2026-05-22T19:11:00+00:00
880d6cfd-4a91-4406-a732-a313fa603150,tiktok.com,1290,tab_active,603.6,extension,2026-05-22T13:02:00+00:00
880d6cfd-4a91-4406-a732-a313fa603150,snapchat.com,1326,tab_active,624.2,extension,2026-05-22T23:37:00+00:00
880d6cfd-4a91-4406-a732-a313fa603150,twitter.com,1434,tab_active,938.0,extension,2026-05-22T14:36:00+00:00
880d6cfd-4a91-4406-a732-a313fa603150,spotify.com,2758,tab_active,72.3,extension,2026-05-22T20:54:00+00:00
880d6cfd-4a91-4406-a732-a313fa603150,stackoverflow.com,4403,tab_active,67.7,extension,2026-05-23T17:11:00+00:00
880d6cfd-4a91-4406-a732-a313fa603150,classroom.google.com,2389,tab_active,63.7,extension,2026-05-23T13:44:00+00:00
880d6cfd-4a91-4406-a732-a313fa603150,snapchat.com,3309,tab_active,1363.6,extension,2026-05-23T22:43:00+00:00
880d6cfd-4a91-4406-a732-a313fa603150,snapchat.com,486,tab_active,957.3,extension,2026-05-23T00:09:00+00:00
880d6cfd-4a91-4406-a732-a313fa603150,tiktok.com,658,tab_active,527.7,extension,2026-05-23T00:41:00+00:00
880d6cfd-4a91-4406-a732-a313fa603150,instagram.com,1994,tab_active,631.3,extension,2026-05-23T17:10:00+00:00
880d6cfd-4a91-4406-a732-a313fa603150,twitch.tv,5558,tab_active,42.8,extension,2026-05-23T21:32:00+00:00
